13073,6858,QAIRSXneVvSltFpP4I+BD48LHQ8=,BiPkqDvG+bRCQlxzavipk328amA=
13073,6857,QAIRSXneVvSltFpP4I+BD48LHQ8=,8xcutOKKuqET21chZavtmg79TTU=
13074,6858,QAIRSXneVvSltFpP4I+BD48LHQ8=,piCZzsMEFdAVP/ynJquas9kwulo=
13074,6857,QAIRSXneVvSltFpP4I+BD48LHQ8=,N+m80kzwh1zVr3xA1eMXZd7meeU=
13073,6855,QAIRSXneVvSltFpP4I+BD48LHQ8=,kDz6z2dja/tzek/Jv/etuounkmI=
13073,6856,QAIRSXneVvSltFpP4I+BD48LHQ8=,8xcutOKKuqET21chZavtmg79TTU=
13074,6856,QAIRSXneVvSltFpP4I+BD48LHQ8=,N+m80kzwh1zVr3xA1eMXZd7meeU=
13074,6855,QAIRSXneVvSltFpP4I+BD48LHQ8=,3dElhfEgSaRZQQOfbru5Yg0zagM=
13073,6854,QAIRSXneVvSltFpP4I+BD48LHQ8=,kDz6z2dja/tzek/Jv/etuounkmI=
13073,6853,QAIRSXneVvSltFpP4I+BD48LHQ8=,lxQglcKNJDX0Ld/WruvdEGl8MxQ=
13074,6854,QAIRSXneVvSltFpP4I+BD48LHQ8=,3dElhfEgSaRZQQOfbru5Yg0zagM=
13074,6853,QAIRSXneVvSltFpP4I+BD48LHQ8=,FSwOk3NULiuNUMB8lIo35ijUox4=
13073,6851,ZHMnT9ZLIXQKLsQII9wrJ89An1s=,6G0GpqHtPyRWPAmdpqKhnoNEE0A=
13073,6852,ZHMnT9ZLIXQKLsQII9wrJ89An1s=,lxQglcKNJDX0Ld/WruvdEGl8MxQ=
13074,6851,ZHMnT9ZLIXQKLsQII9wrJ89An1s=,8LqbEtLv77F+LtLAoodsJEdeX+g=
13074,6852,ZHMnT9ZLIXQKLsQII9wrJ89An1s=,FSwOk3NULiuNUMB8lIo35ijUox4=
13073,6849,ZHMnT9ZLIXQKLsQII9wrJ89An1s=,6G0GpqHtPyRWPAmdpqKhnoNEE0A=
13073,6850,ZHMnT9ZLIXQKLsQII9wrJ89An1s=,6G0GpqHtPyRWPAmdpqKhnoNEE0A=
13073,6848,ZHMnT9ZLIXQKLsQII9wrJ89An1s=,6G0GpqHtPyRWPAmdpqKhnoNEE0A=
13073,6859,QAIRSXneVvSltFpP4I+BD48LHQ8=,BiPkqDvG+bRCQlxzavipk328amA=
13072,6856,QAIRSXneVvSltFpP4I+BD48LHQ8=,8xcutOKKuqET21chZavtmg79TTU=
13072,6855,QAIRSXneVvSltFpP4I+BD48LHQ8=,kDz6z2dja/tzek/Jv/etuounkmI=
13072,6857,QAIRSXneVvSltFpP4I+BD48LHQ8=,8xcutOKKuqET21chZavtmg79TTU=
13072,6859,QAIRSXneVvSltFpP4I+BD48LHQ8=,BiPkqDvG+bRCQlxzavipk328amA=
13072,6858,QAIRSXneVvSltFpP4I+BD48LHQ8=,BiPkqDvG+bRCQlxzavipk328amA=
13075,6854,QAIRSXneVvSltFpP4I+BD48LHQ8=,3dElhfEgSaRZQQOfbru5Yg0zagM=
13075,6853,QAIRSXneVvSltFpP4I+BD48LHQ8=,FSwOk3NULiuNUMB8lIo35ijUox4=
13075,6857,QAIRSXneVvSltFpP4I+BD48LHQ8=,N+m80kzwh1zVr3xA1eMXZd7meeU=
13075,6856,QAIRSXneVvSltFpP4I+BD48LHQ8=,N+m80kzwh1zVr3xA1eMXZd7meeU=
13072,6854,QAIRSXneVvSltFpP4I+BD48LHQ8=,kDz6z2dja/tzek/Jv/etuounkmI=
13075,6858,QAIRSXneVvSltFpP4I+BD48LHQ8=,piCZzsMEFdAVP/ynJquas9kwulo=
13072,6853,QAIRSXneVvSltFpP4I+BD48LHQ8=,lxQglcKNJDX0Ld/WruvdEGl8MxQ=
13075,6855,QAIRSXneVvSltFpP4I+BD48LHQ8=,3dElhfEgSaRZQQOfbru5Yg0zagM=
13072,6851,QAIRSXneVvSltFpP4I+BD48LHQ8=,6G0GpqHtPyRWPAmdpqKhnoNEE0A=
13072,6852,QAIRSXneVvSltFpP4I+BD48LHQ8=,lxQglcKNJDX0Ld/WruvdEGl8MxQ=
13072,6850,QAIRSXneVvSltFpP4I+BD48LHQ8=,6G0GpqHtPyRWPAmdpqKhnoNEE0A=
13072,6848,QAIRSXneVvSltFpP4I+BD48LHQ8=,6G0GpqHtPyRWPAmdpqKhnoNEE0A=
13075,6859,QAIRSXneVvSltFpP4I+BD48LHQ8=,piCZzsMEFdAVP/ynJquas9kwulo=
13074,6859,QAIRSXneVvSltFpP4I+BD48LHQ8=,piCZzsMEFdAVP/ynJquas9kwulo=
13072,6849,QAIRSXneVvSltFpP4I+BD48LHQ8=,6G0GpqHtPyRWPAmdpqKhnoNEE0A=
13074,6850,ZHMnT9ZLIXQKLsQII9wrJ89An1s=,8LqbEtLv77F+LtLAoodsJEdeX+g=
13075,6852,ZHMnT9ZLIXQKLsQII9wrJ89An1s=,FSwOk3NULiuNUMB8lIo35ijUox4=
13075,6851,ZHMnT9ZLIXQKLsQII9wrJ89An1s=,8LqbEtLv77F+LtLAoodsJEdeX+g=
13074,6848,ZHMnT9ZLIXQKLsQII9wrJ89An1s=,DMJgMg/8/h97zsM5IkiWgAhGzAw=
13074,6849,ZHMnT9ZLIXQKLsQII9wrJ89An1s=,DMJgMg/8/h97zsM5IkiWgAhGzAw=
13077,6851,ZHMnT9ZLIXQKLsQII9wrJ89An1s=,/hvM/p1f+YvPEzWwjwExcu79WHs=
13076,6851,ZHMnT9ZLIXQKLsQII9wrJ89An1s=,/hvM/p1f+YvPEzWwjwExcu79WHs=
13075,6849,QAIRSXneVvSltFpP4I+BD48LHQ8=,DMJgMg/8/h97zsM5IkiWgAhGzAw=
13075,6850,QAIRSXneVvSltFpP4I+BD48LHQ8=,8LqbEtLv77F+LtLAoodsJEdeX+g=
13075,6848,QAIRSXneVvSltFpP4I+BD48LHQ8=,DMJgMg/8/h97zsM5IkiWgAhGzAw=
13076,6850,QAIRSXneVvSltFpP4I+BD48LHQ8=,/hvM/p1f+YvPEzWwjwExcu79WHs=
13076,6849,QAIRSXneVvSltFpP4I+BD48LHQ8=,uZbKtb/ahX5r3O7qBERNxy9IoVY=
13076,6848,QAIRSXneVvSltFpP4I+BD48LHQ8=,uZbKtb/ahX5r3O7qBERNxy9IoVY=
13077,6848,QAIRSXneVvSltFpP4I+BD48LHQ8=,uZbKtb/ahX5r3O7qBERNxy9IoVY=
13077,6849,QAIRSXneVvSltFpP4I+BD48LHQ8=,uZbKtb/ahX5r3O7qBERNxy9IoVY=
13077,6850,QAIRSXneVvSltFpP4I+BD48LHQ8=,/hvM/p1f+YvPEzWwjwExcu79WHs=
