6547,-1,9cK7+J9zlX/RQZz9TZB4wBukHAs=,AQdk5O8d6vbrSyIX+brlOcfdNPg=
6546,-1,JduVNLa4nzDR+FeamnMbH1Kvgug=,AQdk5O8d6vbrSyIX+brlOcfdNPg=
6545,-1,JduVNLa4nzDR+FeamnMbH1Kvgug=,AQdk5O8d6vbrSyIX+brlOcfdNPg=
6544,-1,JduVNLa4nzDR+FeamnMbH1Kvgug=,AQdk5O8d6vbrSyIX+brlOcfdNPg=
6543,-1,JduVNLa4nzDR+FeamnMbH1Kvgug=,91wJUMrYWgjs8Vg1DaAY/ZpPqpM=
6542,-1,F+dzoXcpR3/ahRb1QSh8vIsp4WU=,91wJUMrYWgjs8Vg1DaAY/ZpPqpM=
6541,-1,F+dzoXcpR3/ahRb1QSh8vIsp4WU=,91wJUMrYWgjs8Vg1DaAY/ZpPqpM=
6540,-1,F+dzoXcpR3/ahRb1QSh8vIsp4WU=,91wJUMrYWgjs8Vg1DaAY/ZpPqpM=
6539,-1,F+dzoXcpR3/ahRb1QSh8vIsp4WU=,91wJUMrYWgjs8Vg1DaAY/ZpPqpM=
6538,-1,F+dzoXcpR3/ahRb1QSh8vIsp4WU=,91wJUMrYWgjs8Vg1DaAY/ZpPqpM=
6537,-1,bq089Ggl7YjH3PNb8s/9uEj3aew=,91wJUMrYWgjs8Vg1DaAY/ZpPqpM=
6536,-1,bq089Ggl7YjH3PNb8s/9uEj3aew=,91wJUMrYWgjs8Vg1DaAY/ZpPqpM=
