6542,3406,5nh14/eK/2oPQu7Erh74/fuZXDE=,88XwngJeQW1a9C08hSrdRncg2Ow=
6542,3407,5nh14/eK/2oPQu7Erh74/fuZXDE=,lIM7ecVStZP8X2GRjbR6jCtJFd8=
6542,3404,5nh14/eK/2oPQu7Erh74/fuZXDE=,qc223WpncEoBZnRI5+f1y4zAayc=
6542,3405,5nh14/eK/2oPQu7Erh74/fuZXDE=,nuu8WWbqMwORRMHRakNcugPbbZA=
6542,3402,5nh14/eK/2oPQu7Erh74/fuZXDE=,vWTMxPNKwC8dDBG73yppljc22iQ=
6542,3403,5nh14/eK/2oPQu7Erh74/fuZXDE=,vWTMxPNKwC8dDBG73yppljc22iQ=
6542,3400,UIh6M4apdqrG9aozk6d1dHh3xyA=,WqWbZClHJzGbbm9rtnwhz4dMqy0=
6542,3401,UIh6M4apdqrG9aozk6d1dHh3xyA=,ARiYoqiR6IsoPfS97PhekLhC//g=
6542,3399,UIh6M4apdqrG9aozk6d1dHh3xyA=,z8+WlgUk+y77xw3pcmZ1dwZ3omQ=
6542,3394,UIh6M4apdqrG9aozk6d1dHh3xyA=,z8+WlgUk+y77xw3pcmZ1dwZ3omQ=
6542,3422,UIh6M4apdqrG9aozk6d1dHh3xyA=,OgkbpCuB3/Acjl465F2xXehKzhA=
6542,3420,UIh6M4apdqrG9aozk6d1dHh3xyA=,wX6An+dVqH1ajcS3vmnHrHzGdfw=
6542,3421,UIh6M4apdqrG9aozk6d1dHh3xyA=,CsBANU82GKLFNNpo5KTV5tf7tBI=
6542,3418,UIh6M4apdqrG9aozk6d1dHh3xyA=,8MoLjcuMmdrJFY5ohrhuPO8Tc80=
6542,3419,UIh6M4apdqrG9aozk6d1dHh3xyA=,XrIq4eiF+4ukx2KU5+ZsnnrtW10=
6542,3416,UIh6M4apdqrG9aozk6d1dHh3xyA=,G3QpdqAnmfN4R6koX6dEtg9A0C0=
6542,3417,x/9mERCPvA5owrAiHT3C14E+P24=,6veZyT5QGnsh1SQ09C6Hb3LxHuI=
6542,3414,x/9mERCPvA5owrAiHT3C14E+P24=,8o2q0VvnHF9Rghyw2Sj41KoakxM=
6542,3415,x/9mERCPvA5owrAiHT3C14E+P24=,fbzkXZCTTKEPlhds6Uta1XDkJE8=
6542,3412,x/9mERCPvA5owrAiHT3C14E+P24=,y8jkNtpfymx9mc/P0io8dClWuBI=
6542,3413,x/9mERCPvA5owrAiHT3C14E+P24=,JuFuZU3zOfyaEOhHSpMwoZ8tV3U=
6542,3410,x/9mERCPvA5owrAiHT3C14E+P24=,YNtOlfbLjBzYwbh9qKSDNAn2D24=
6542,3411,x/9mERCPvA5owrAiHT3C14E+P24=,LvKKCuFq/Ai7ra5cnXrZXbz8gx8=
6542,3408,x/9mERCPvA5owrAiHT3C14E+P24=,LNrWZIhfxKfWwVJy77nsquCwuWM=
6542,3409,x/9mERCPvA5owrAiHT3C14E+P24=,Y4anAWh98InNp8MkH01Umn57nqA=
6543,3407,ZiU2J7Aq6ZzrCI1W0oQYaUxRxHQ=,ZJWcrfjVtjkyLtk9MzkcgyNY+ps=
6543,3406,ZiU2J7Aq6ZzrCI1W0oQYaUxRxHQ=,O1gpYO+a4n2ArxDvy4+hfcOQoUE=
6543,3422,ZiU2J7Aq6ZzrCI1W0oQYaUxRxHQ=,GkYlERqQoOtewSvkaNGPPHfcf/M=
6543,3421,ZiU2J7Aq6ZzrCI1W0oQYaUxRxHQ=,hLEkqnMXa81WecAukssc8Z5V+1A=
6543,3420,ZiU2J7Aq6ZzrCI1W0oQYaUxRxHQ=,w7W6qlJufwrixlp495A0tJptGvY=
6543,3419,ZiU2J7Aq6ZzrCI1W0oQYaUxRxHQ=,m++zRWpu1psYNK7l+SkYVj2jiz8=
6543,3418,ZiU2J7Aq6ZzrCI1W0oQYaUxRxHQ=,UuweIsnCk9T84zb13Yk2xfG4+nA=
6543,3417,ZiU2J7Aq6ZzrCI1W0oQYaUxRxHQ=,gsXAevWyvsj9VmoEiDuJBSVTU1w=
6543,3416,ZiU2J7Aq6ZzrCI1W0oQYaUxRxHQ=,Fun6nv0iRgnbPBSmb00wmMfNzFk=
6543,3415,ZiU2J7Aq6ZzrCI1W0oQYaUxRxHQ=,l851Akivss4y2/O0vT41M15jgQ8=
6543,3414,ZiU2J7Aq6ZzrCI1W0oQYaUxRxHQ=,IO7roaOUvVgXUrotRR996xewu2U=
6543,3413,ZiU2J7Aq6ZzrCI1W0oQYaUxRxHQ=,DblAWIBzLQXX23PrID6iOLqinkY=
6543,3412,mlDfkZ2I2PL+I/ko9j+SbwMWxhE=,sI1pX9U3cWHWjxZ6kjalKZXPHTQ=
6543,3411,mlDfkZ2I2PL+I/ko9j+SbwMWxhE=,/QYLy2p8+hR1Qb3tmUvC52gbHf0=
6543,3410,mlDfkZ2I2PL+I/ko9j+SbwMWxhE=,5Y/RowGDN1TiYcDFaTZaAwVTAhk=
6543,3408,mlDfkZ2I2PL+I/ko9j+SbwMWxhE=,8Qra3kSYxATH3eHllWBjQVcbcmc=
6540,3406,mlDfkZ2I2PL+I/ko9j+SbwMWxhE=,Cp+4mBWIuaceP4ZW7m/hRG5MCPg=
6540,3407,mlDfkZ2I2PL+I/ko9j+SbwMWxhE=,Ps5ZmEwNA+uNKnEG5HW7Hg9dW1Y=
6540,3420,XyvUIFc62R1AGYgqW3YPMJc9rM4=,A+GymsClZKf+CgAs8SbBO2Cwqmo=
6540,3416,XyvUIFc62R1AGYgqW3YPMJc9rM4=,pJ7cxbKyrnUUYRIoF9+TnI9GZu8=
6540,3417,XyvUIFc62R1AGYgqW3YPMJc9rM4=,tvrxIpQSIHL+/XEgQWtXpihe2jc=
6540,3418,XyvUIFc62R1AGYgqW3YPMJc9rM4=,+/K2aPnk1kPmP/JxCwYM3Ruxcuc=
6540,3419,XyvUIFc62R1AGYgqW3YPMJc9rM4=,2rjHyzYFd//DL66iS4x8Mhx8IUE=
6540,3412,XyvUIFc62R1AGYgqW3YPMJc9rM4=,YpdP0QMRq/UoYcx7N1HLhtzALdk=
6540,3413,XyvUIFc62R1AGYgqW3YPMJc9rM4=,epJ70DQsNFWSJdnp6QVdQmEvsJo=
6540,3414,u6Ff0ziosMhmn3eiwyCS2LP8vEs=,ZPA2PkXtHRilTO5pXe2j3W62sTE=
6540,3415,u6Ff0ziosMhmn3eiwyCS2LP8vEs=,kfhxP3sksBgzkAWqazcCNn96hLc=
6540,3408,u6Ff0ziosMhmn3eiwyCS2LP8vEs=,512zIHLOPKZg+hLbeh0e8LedyJ0=
6540,3409,u6Ff0ziosMhmn3eiwyCS2LP8vEs=,ihypvtR7Ydx/g9xXVgK22SPfKTU=
6540,3410,u6Ff0ziosMhmn3eiwyCS2LP8vEs=,8Qra3kSYxATH3eHllWBjQVcbcmc=
6540,3411,u6Ff0ziosMhmn3eiwyCS2LP8vEs=,VQ0G3/vxCnFa41OhMdqZ951chQo=
6541,3405,u6Ff0ziosMhmn3eiwyCS2LP8vEs=,E+eS1lJ8keioJ2xjv7Mxto7Jbz0=
6541,3404,u6Ff0ziosMhmn3eiwyCS2LP8vEs=,ptdN4qzPJ94g2vWzaYNtuQ5EN4o=
6541,3407,u6Ff0ziosMhmn3eiwyCS2LP8vEs=,MBwt0WdVorqXfRchGf39pPcmvNg=
6541,3406,u6Ff0ziosMhmn3eiwyCS2LP8vEs=,cjfsEqXJA4MmJJeVkb23OsyCK7s=
6541,3401,u6Ff0ziosMhmn3eiwyCS2LP8vEs=,djEm38zASbTa0JEAV56T439tUNg=
6541,3400,hWnJ58jZbNfKhiILhIlYGJ6z8h0=,CCmKRtTwfRVeYeve8Z3+qOTLnAk=
6541,3403,hWnJ58jZbNfKhiILhIlYGJ6z8h0=,vWTMxPNKwC8dDBG73yppljc22iQ=
6541,3402,hWnJ58jZbNfKhiILhIlYGJ6z8h0=,vWTMxPNKwC8dDBG73yppljc22iQ=
6541,3399,hWnJ58jZbNfKhiILhIlYGJ6z8h0=,z8+WlgUk+y77xw3pcmZ1dwZ3omQ=
6541,3420,hWnJ58jZbNfKhiILhIlYGJ6z8h0=,ZC0muvmtRXbsb3f8LwBnXqyDC0Y=
6541,3417,0xPFc3EzkqzpMn6zqBaB96F16hw=,K6Lb65mcigU31HG+cbc03HhJcpg=
6541,3416,0xPFc3EzkqzpMn6zqBaB96F16hw=,nIZoprS+hDz81AtLhlKr5kYZe3o=
6541,3419,0xPFc3EzkqzpMn6zqBaB96F16hw=,5H3kboPJ8X6jZUoBuQ3ZYRzOehg=
6541,3418,0xPFc3EzkqzpMn6zqBaB96F16hw=,bXLMuE8FMItGisTbfPvcl15Xw/0=
6541,3413,0xPFc3EzkqzpMn6zqBaB96F16hw=,6KnZ9CpLBDVyubyFL/lt04RZ/NY=
6541,3412,0xPFc3EzkqzpMn6zqBaB96F16hw=,BKsRKuZUJPWXZrlGj8OXd0Lj55g=
6541,3415,0xPFc3EzkqzpMn6zqBaB96F16hw=,kfhxP3sksBgzkAWqazcCNn96hLc=
6541,3414,0xPFc3EzkqzpMn6zqBaB96F16hw=,mvgFl4dnt0ueKKl1oTq57p7VVTs=
6541,3409,0xPFc3EzkqzpMn6zqBaB96F16hw=,qoSCfSPtkLvlB3XYmwtkAK/4qEI=
6541,3408,0xPFc3EzkqzpMn6zqBaB96F16hw=,IBDZf+4Mv57fdbGsCWVtpaetnY4=
6541,3411,0xPFc3EzkqzpMn6zqBaB96F16hw=,sE3p6a86d5XAkORUMsksCuZt+Ws=
6541,3410,XoWoCqKperIW1LAh4lCXFo4fu5U=,5V58kD3A8MKecp6FR0M3SctxA9E=
6546,3411,XoWoCqKperIW1LAh4lCXFo4fu5U=,8POXPvLD0rucymGj063qY4lkJbk=
6546,3408,XoWoCqKperIW1LAh4lCXFo4fu5U=,12VBDKEygmcUAH8a0RAjtVXW9Ng=
6546,3414,XoWoCqKperIW1LAh4lCXFo4fu5U=,20mRcnwyaiksPc4l0XAghvU8FUg=
6546,3415,6wbyNwQpjFVZp+i29GcajouPYms=,k/qVvf47DJ5fZtp7LySOMW6GWoo=
6546,3412,6wbyNwQpjFVZp+i29GcajouPYms=,rZFwCfF9Rfyd/WyI+nSszuENtpI=
6546,3413,6wbyNwQpjFVZp+i29GcajouPYms=,KwKCPxshKr+xe2kW1THpefaKomk=
6546,3418,6wbyNwQpjFVZp+i29GcajouPYms=,M7FHWxJpigk8isgyespIgJAbjF8=
6546,3419,6wbyNwQpjFVZp+i29GcajouPYms=,hz8kEiQ8sPjsE5idFPz+PcrSNts=
6546,3416,6wbyNwQpjFVZp+i29GcajouPYms=,VhQTdMOdgm6QBbj3pHaZpQ3AYrw=
6546,3417,6wbyNwQpjFVZp+i29GcajouPYms=,AiR+HDrOglirO+4xC8cDiM8hdxk=
6546,3422,6wbyNwQpjFVZp+i29GcajouPYms=,r25syrrKYBWORLEhvDtStsflzGE=
6546,3423,6wbyNwQpjFVZp+i29GcajouPYms=,xKBQIjHqZ3cqqjBrtQpfIKOE/wc=
6546,3420,j4oLfq1jx6QEH+v8whPdtNamQZo=,9Jam8p4A1fTWlbyv2Fg+IEeYbiQ=
6546,3421,j4oLfq1jx6QEH+v8whPdtNamQZo=,Pk6qxtzSS+9cbyu+femMulP1Pf8=
6546,3406,j4oLfq1jx6QEH+v8whPdtNamQZo=,oe7DpM6O+bTZrrQ+u6OSIOilZmY=
6546,3407,j4oLfq1jx6QEH+v8whPdtNamQZo=,Ka8Kvc7s+UKUvzDEkhTAVIlN740=
6547,3411,yLAFM3eoJ+4W98tjd2q4JM9IGUk=,JGu7yr3/By5LS85UzAznId/Xeqg=
6547,3408,yLAFM3eoJ+4W98tjd2q4JM9IGUk=,uP1M0i4sF3U4fUeKxkBmeZ89vlQ=
6547,3415,yLAFM3eoJ+4W98tjd2q4JM9IGUk=,qTzk6UkNK8eMkTrMBN8TSLy5mPQ=
6547,3414,yLAFM3eoJ+4W98tjd2q4JM9IGUk=,9dOsmEwNt5fqjxOB5dVa43V0BHI=
6547,3413,yLAFM3eoJ+4W98tjd2q4JM9IGUk=,Y2q9G0fe/wahI6TE5ZOebCjxGvY=
6547,3412,yLAFM3eoJ+4W98tjd2q4JM9IGUk=,9ecxQ6QrGz0bcgi5xLEAC0rggik=
6547,3419,DZarKvAkM6pyddQEcguoW/EMAfs=,kMgkv8f5Uuw14YwtvKvwdzGMnec=
6547,3418,DZarKvAkM6pyddQEcguoW/EMAfs=,oGyqAGnPf7lzYun4PJK6QmWkewQ=
6547,3417,DZarKvAkM6pyddQEcguoW/EMAfs=,/ntrnBOmSdi7zn8dTag5MqEbpMI=
6547,3416,DZarKvAkM6pyddQEcguoW/EMAfs=,VhQTdMOdgm6QBbj3pHaZpQ3AYrw=
6547,3422,DZarKvAkM6pyddQEcguoW/EMAfs=,tP2MgT/ytl/qtYEzSIpn0gphIFE=
6547,3421,DZarKvAkM6pyddQEcguoW/EMAfs=,YJWQ7rZb1TkEOyB1tzbnp63OEqs=
6547,3420,DZarKvAkM6pyddQEcguoW/EMAfs=,Rwpd+91Eobd2PnBGRWDFdlwA2OY=
6547,3407,yWt34oibathgpkmVlsh/EuBpoSw=,Y6VsgTokyWXwDpaxM9FNTkZexP4=
6547,3406,yWt34oibathgpkmVlsh/EuBpoSw=,TewhInOzfp2HlEGPbj2QT+siTVk=
6547,3405,yWt34oibathgpkmVlsh/EuBpoSw=,640FzQHWL+EZbALvylAIGR9uXno=
6547,3404,yWt34oibathgpkmVlsh/EuBpoSw=,/wPo+R6BNXIFYKuqeJ/rIgh/zuQ=
6544,3408,yWt34oibathgpkmVlsh/EuBpoSw=,LO0r8dUXe0SsejLD531eHugDxt0=
6544,3410,yWt34oibathgpkmVlsh/EuBpoSw=,Fc1BMaQkZFmP5CJtyFfkDrl71tU=
6544,3411,yWt34oibathgpkmVlsh/EuBpoSw=,8CJxVe6aJcH/qofG7x978yvt0cE=
6544,3412,yWt34oibathgpkmVlsh/EuBpoSw=,mmJi82VguWv1ZvIMWagse+Kl1NE=
6544,3413,5TsSp6dOTNg1ddebslaXq/cJC9A=,bCpV4RL/ycNyozf9BK9ACfp2OHc=
6544,3414,5TsSp6dOTNg1ddebslaXq/cJC9A=,MLCUY6wEEd5ZIZOs2sXztRs+V2s=
6544,3415,5TsSp6dOTNg1ddebslaXq/cJC9A=,82LeY4Vro/5kH+pGC12AI4YxVPc=
6544,3416,5TsSp6dOTNg1ddebslaXq/cJC9A=,VhQTdMOdgm6QBbj3pHaZpQ3AYrw=
6544,3417,5TsSp6dOTNg1ddebslaXq/cJC9A=,NnSJDVioHCxjxydmIUn5DvPobW0=
6544,3418,5TsSp6dOTNg1ddebslaXq/cJC9A=,8MWua2yRZJxPtrwEKLHM3PIQwF0=
6544,3419,5TsSp6dOTNg1ddebslaXq/cJC9A=,TJlrfiwqByLmcyEIGWEhmBNFt8c=
6544,3420,5TsSp6dOTNg1ddebslaXq/cJC9A=,QAIiYnabZIZDQBIAfGjXvEgsLwI=
6544,3421,5TsSp6dOTNg1ddebslaXq/cJC9A=,pm3FVCpWPEecELH8Iy2hNAHJqJI=
6544,3422,5TsSp6dOTNg1ddebslaXq/cJC9A=,pm3FVCpWPEecELH8Iy2hNAHJqJI=
6544,3423,5TsSp6dOTNg1ddebslaXq/cJC9A=,wmYOSkQsF0y4SAHiDLpJPIh8Yvo=
6544,3406,VquJoyzAnYQGTdUlCZfqFynW8Qw=,3k/QkmmuVBQswx0t6Md9NaljrKM=
6544,3407,VquJoyzAnYQGTdUlCZfqFynW8Qw=,Ka8Kvc7s+UKUvzDEkhTAVIlN740=
6545,3408,VquJoyzAnYQGTdUlCZfqFynW8Qw=,GL//HnTih+9xKly/qEvDXlehqhY=
6545,3411,VquJoyzAnYQGTdUlCZfqFynW8Qw=,qHv7g4qyuPma8CBSghlTQQdaczQ=
6545,3410,VquJoyzAnYQGTdUlCZfqFynW8Qw=,kXA7sflOoKElKUCuc7wweLF+aag=
6545,3413,VquJoyzAnYQGTdUlCZfqFynW8Qw=,s+j2p4YOBKyBedYzXYG+07JADUE=
6545,3412,VquJoyzAnYQGTdUlCZfqFynW8Qw=,ICimD0MMwOwVDF0fnACFWnkC+DA=
6545,3415,VquJoyzAnYQGTdUlCZfqFynW8Qw=,kkIrZ4LN0kzwg1nEVEEhTwX6CIg=
6545,3414,VquJoyzAnYQGTdUlCZfqFynW8Qw=,WYGZgxsfwO+DrV/lHWcGsXekZAo=
6545,3417,VquJoyzAnYQGTdUlCZfqFynW8Qw=,L3vrPzd2ypVh7p1D+dvpzsJa8Q8=
6545,3416,VquJoyzAnYQGTdUlCZfqFynW8Qw=,VhQTdMOdgm6QBbj3pHaZpQ3AYrw=
6545,3419,VquJoyzAnYQGTdUlCZfqFynW8Qw=,DoEBZvADH1+Kh6Wuwx7dlQoDe3w=
6545,3418,VquJoyzAnYQGTdUlCZfqFynW8Qw=,yRFaSnG0bxB6CuBKyHrPhL0Xz0Q=
6545,3421,VquJoyzAnYQGTdUlCZfqFynW8Qw=,jyFM/vvTnG6PRymy1OteJhQL0XA=
6545,3420,Yy/NTAKeBDYaq478GDgn98yBuaE=,McvChdrwkAsXN0NhK38EZQU5CAc=
6545,3423,Yy/NTAKeBDYaq478GDgn98yBuaE=,1vRrT2NIdHJp5TxTWPGqFBsCSDo=
6545,3422,Yy/NTAKeBDYaq478GDgn98yBuaE=,pm3FVCpWPEecELH8Iy2hNAHJqJI=
6545,3407,Yy/NTAKeBDYaq478GDgn98yBuaE=,Ka8Kvc7s+UKUvzDEkhTAVIlN740=
6545,3406,Yy/NTAKeBDYaq478GDgn98yBuaE=,3k/QkmmuVBQswx0t6Md9NaljrKM=
6534,3418,Yy/NTAKeBDYaq478GDgn98yBuaE=,tBDvOu+0OfGHz6uASZX99Sd8WfY=
6534,3419,Yy/NTAKeBDYaq478GDgn98yBuaE=,Vp6OYnswwJliK7urkyoO92z5bKw=
6534,3417,Yy/NTAKeBDYaq478GDgn98yBuaE=,F2etEBjW77wOZtWNCdLfbHF+PMI=
6535,3414,Yy/NTAKeBDYaq478GDgn98yBuaE=,dXffTYNna7/gvDfQhBCopAtwT6g=
6535,3413,tV9JA30vqvRo5qb0OS3sciAKkgA=,dXffTYNna7/gvDfQhBCopAtwT6g=
6535,3419,tV9JA30vqvRo5qb0OS3sciAKkgA=,Vp6OYnswwJliK7urkyoO92z5bKw=
6535,3418,tV9JA30vqvRo5qb0OS3sciAKkgA=,O6d24RSrMYuneRRn4TL3igaNZOk=
6535,3417,tV9JA30vqvRo5qb0OS3sciAKkgA=,O6d24RSrMYuneRRn4TL3igaNZOk=
6535,3416,tV9JA30vqvRo5qb0OS3sciAKkgA=,ZH9GykujcmhAu8JUVfTwcT6q+Mw=
6532,3418,tV9JA30vqvRo5qb0OS3sciAKkgA=,BGIZH9Ypf3D3x4+UGWLWKKlIQGA=
6532,3419,tV9JA30vqvRo5qb0OS3sciAKkgA=,DhOX5ocbM55WpMUgMTnPs4Me2AY=
6533,3417,tV9JA30vqvRo5qb0OS3sciAKkgA=,Vp6OYnswwJliK7urkyoO92z5bKw=
6533,3419,tV9JA30vqvRo5qb0OS3sciAKkgA=,bdB7hb0JKmdpI63qwgXXhaadngg=
6533,3418,tV9JA30vqvRo5qb0OS3sciAKkgA=,yWPYjrA49/ZfnAd0dQ2MQUspoUk=
6538,3402,tV9JA30vqvRo5qb0OS3sciAKkgA=,yth/c+QCHtvCWWTrtTCgeKIipTk=
6538,3403,tV9JA30vqvRo5qb0OS3sciAKkgA=,RPuVgwvctIMFm9vqRpxHsV86rKg=
6538,3400,EJO9eudxJoLdYD2zbw2d2/4Lr5c=,z9SYTyZuQmtugRz8PfFboTv7o8s=
6538,3401,EJO9eudxJoLdYD2zbw2d2/4Lr5c=,IEAtoapjymPfhuH7gKM3UFmM5nM=
6538,3406,EJO9eudxJoLdYD2zbw2d2/4Lr5c=,Iofq5iDZUZSN6jRtjXQFCjTNPEE=
6538,3407,EJO9eudxJoLdYD2zbw2d2/4Lr5c=,XnMwwoN3IQbVhzKcfUejjdWd5Ws=
6538,3404,EJO9eudxJoLdYD2zbw2d2/4Lr5c=,w6X8AuNnEmoP3qwjjxMDSyi32LE=
6538,3405,EJO9eudxJoLdYD2zbw2d2/4Lr5c=,QTff/VrglyBos8fXY6hFeXTvKDY=
6538,3398,EJO9eudxJoLdYD2zbw2d2/4Lr5c=,lXzpU/XBg2K4d/GsM4zdzmS3/AE=
6538,3399,EJO9eudxJoLdYD2zbw2d2/4Lr5c=,lXzpU/XBg2K4d/GsM4zdzmS3/AE=
6558,3418,EJO9eudxJoLdYD2zbw2d2/4Lr5c=,67BBPlfXvedYG+V9qJhlj5tsiCI=
6538,3397,EJO9eudxJoLdYD2zbw2d2/4Lr5c=,drrBCDjyDkKDM05knJ8TlBOoqAE=
6558,3419,EJO9eudxJoLdYD2zbw2d2/4Lr5c=,JeFiw14vj9QkC0jTukAtSPCgzvU=
6538,3418,EJO9eudxJoLdYD2zbw2d2/4Lr5c=,IfLR0aFHu45BI8txjwWjhX3zmpo=
6538,3419,EJO9eudxJoLdYD2zbw2d2/4Lr5c=,j8RcVavYo7UonKBk5VYWW/8LoyA=
6538,3416,EJO9eudxJoLdYD2zbw2d2/4Lr5c=,XaugT72nlYq+IOWcCFwJ+2DH/3c=
6538,3417,EJO9eudxJoLdYD2zbw2d2/4Lr5c=,SGIOZUB/1FLRC/gOByNRY7BRE0Q=
6538,3422,EJO9eudxJoLdYD2zbw2d2/4Lr5c=,oPcGDYRoAmTRsD0ZYMDM1M6Tc9A=
6538,3423,EJO9eudxJoLdYD2zbw2d2/4Lr5c=,A5d3DNs0XuJDQ/9RAdi9NUX40Xs=
6538,3420,EJO9eudxJoLdYD2zbw2d2/4Lr5c=,aIFkVWDX8UaduHnjKFC6rbhDVXM=
6538,3421,EJO9eudxJoLdYD2zbw2d2/4Lr5c=,t9c1v/feFg7yJ1dNjtGw98Xtkag=
6538,3410,9IbEenCcnVaXNlnBUpqvPNV25t4=,Eo0LeNlCwipUzn489lf0Ym3mOx4=
6538,3411,9IbEenCcnVaXNlnBUpqvPNV25t4=,7OBYrl3S2UZwIBMtO2HFUKzk2V8=
6538,3408,9IbEenCcnVaXNlnBUpqvPNV25t4=,JlRrq/AiFkgpCZSZ3xBnTfEsjrI=
6538,3409,9IbEenCcnVaXNlnBUpqvPNV25t4=,xEYIGxgki6zN/2vMv63UIMG5Vao=
6538,3414,9IbEenCcnVaXNlnBUpqvPNV25t4=,UF9wdhVr6tAxgKIk4IfoEYgdov0=
6538,3415,9IbEenCcnVaXNlnBUpqvPNV25t4=,HticQ7RM7rxYRP2ViIOuFZ803Bk=
6538,3412,9IbEenCcnVaXNlnBUpqvPNV25t4=,jvNrAARL456g+YrCZ2A2b5G5xrY=
6538,3413,9IbEenCcnVaXNlnBUpqvPNV25t4=,IMI6X71LeYWeQCIJFHpzqn5nwIU=
6539,3403,9IbEenCcnVaXNlnBUpqvPNV25t4=,a4133G1pfsfFNa7E68BlRr4Yzz0=
6539,3402,9IbEenCcnVaXNlnBUpqvPNV25t4=,vulIp+yjZsTe0R+M4btaMhNuwi0=
6539,3401,9IbEenCcnVaXNlnBUpqvPNV25t4=,dkYzk5d3xmud/An6HaubdoGOdhs=
6539,3400,9IbEenCcnVaXNlnBUpqvPNV25t4=,CCmKRtTwfRVeYeve8Z3+qOTLnAk=
6539,3407,9IbEenCcnVaXNlnBUpqvPNV25t4=,0Vna7+9dzMf8wkmYeQJbPUv85AU=
6539,3406,9IbEenCcnVaXNlnBUpqvPNV25t4=,pRdC+z4w4e2MTqexuett0/cARH0=
6539,3405,9IbEenCcnVaXNlnBUpqvPNV25t4=,AuMYVmqWb+HMb/Aby26KeJrMq4c=
6539,3404,9IbEenCcnVaXNlnBUpqvPNV25t4=,PMdC2UTOSI36JVmg5/jEBJx8T3Y=
6539,3399,I0mRPLDHnuF0BOR9jNr+EBqyx3Q=,CH9dmAJvxp6iNLozFt4ouPrAqKE=
6539,3398,I0mRPLDHnuF0BOR9jNr+EBqyx3Q=,CH9dmAJvxp6iNLozFt4ouPrAqKE=
6539,3397,I0mRPLDHnuF0BOR9jNr+EBqyx3Q=,gpj94I9MJN2qDOiCcV+1QSLjTV4=
6559,3419,I0mRPLDHnuF0BOR9jNr+EBqyx3Q=,59mGM8V1jYtVAfZt+K0mamzf21A=
6559,3418,I0mRPLDHnuF0BOR9jNr+EBqyx3Q=,rwHvi3gc2z6dunIj1HBmJehx63M=
6539,3419,I0mRPLDHnuF0BOR9jNr+EBqyx3Q=,Yjinzim7X5HmI5RmpuxySw97R5w=
6539,3418,I0mRPLDHnuF0BOR9jNr+EBqyx3Q=,XyHAV6kakSQOgyaahsQtqyZ/nrk=
6539,3417,I0mRPLDHnuF0BOR9jNr+EBqyx3Q=,TLjzqjdQwRDkFNCdacU6iNOjSVs=
6539,3416,I0mRPLDHnuF0BOR9jNr+EBqyx3Q=,GkYlERqQoOtewSvkaNGPPHfcf/M=
6539,3422,I0mRPLDHnuF0BOR9jNr+EBqyx3Q=,3bIR5EjLsD5mkSXio1DqqlG333I=
6539,3421,I0mRPLDHnuF0BOR9jNr+EBqyx3Q=,g78NUhg8cDODXuY7yctMWccVvOY=
6539,3420,I0mRPLDHnuF0BOR9jNr+EBqyx3Q=,lz3qZw849/bKOO6T8c4dfdt4wDY=
6539,3411,jvHbGT/+a/F8HcCuzCZkMO6J1D0=,G1rQYEqmafxhu3VeEy41TH5DBAw=
6539,3410,jvHbGT/+a/F8HcCuzCZkMO6J1D0=,f0PjMU8j8OsKnwD1ylmt1nDBEgk=
6539,3409,jvHbGT/+a/F8HcCuzCZkMO6J1D0=,ytiR8mAy2zk2UUm0xRzYRbaqkPg=
6539,3408,jvHbGT/+a/F8HcCuzCZkMO6J1D0=,ruPBehEuSiZoZRg1DitH3yW072U=
6539,3415,jvHbGT/+a/F8HcCuzCZkMO6J1D0=,kfhxP3sksBgzkAWqazcCNn96hLc=
6539,3414,jvHbGT/+a/F8HcCuzCZkMO6J1D0=,aoutEIi5vYa662T0K5DG1ikmLgk=
6539,3413,jvHbGT/+a/F8HcCuzCZkMO6J1D0=,OZTsvqXFptQpqqIb4s38T1x52jE=
6539,3412,jvHbGT/+a/F8HcCuzCZkMO6J1D0=,5Eiev3nxQwNAVKMcnRr6LJV4E04=
6536,3416,I+Wz47m/aPThgBeBA++YMHIoAsg=,DiaQ+mJVcVizfZOjRrhMvSaWEco=
6556,3418,I+Wz47m/aPThgBeBA++YMHIoAsg=,mo2DQHjs9QIh2VRtvPYaFuXPdAM=
6536,3417,I+Wz47m/aPThgBeBA++YMHIoAsg=,jsgcwOx7oUeOabJ2IoDSKFPpt+4=
6556,3419,I+Wz47m/aPThgBeBA++YMHIoAsg=,0eYz8Axz0cCRVvxTwJ8uOB4FNJ0=
6536,3418,I+Wz47m/aPThgBeBA++YMHIoAsg=,5UPSZiHRCwxF81Ton0NWL1AhyYA=
6536,3419,I+Wz47m/aPThgBeBA++YMHIoAsg=,nWIICmtEM719kPbMGx/mqsCu8jI=
6536,3420,I+Wz47m/aPThgBeBA++YMHIoAsg=,OuPsjMXLeGQjbAxmeE6eyL2YDFo=
6536,3421,I+Wz47m/aPThgBeBA++YMHIoAsg=,8tFsURJGfHppNP1tU9HTn7qfpx4=
6536,3422,I+Wz47m/aPThgBeBA++YMHIoAsg=,joyIgGniRfENVl8waUSVgOp/14w=
6536,3423,I+Wz47m/aPThgBeBA++YMHIoAsg=,FAtHncZtX85pTOR9rNo1hisRc3A=
6536,3412,I+Wz47m/aPThgBeBA++YMHIoAsg=,ka2B/DJhM3pF1XtyxYRnuglvVAU=
6536,3413,I+Wz47m/aPThgBeBA++YMHIoAsg=,3h5PH9lPUAkTcM1HyvRPH9FHoCc=
6536,3414,I+Wz47m/aPThgBeBA++YMHIoAsg=,3h5PH9lPUAkTcM1HyvRPH9FHoCc=
6536,3415,Koiu4iMsXvIdQkOa9c1u8AVNOnU=,3h5PH9lPUAkTcM1HyvRPH9FHoCc=
6537,3417,Koiu4iMsXvIdQkOa9c1u8AVNOnU=,rtoE+L6wizlPFjB3XxUGdctaj78=
6557,3419,Koiu4iMsXvIdQkOa9c1u8AVNOnU=,7GFfgWlHoi93a52IlKBnS4VkyxU=
6537,3416,Koiu4iMsXvIdQkOa9c1u8AVNOnU=,xWO1lWnnywvt1KuznEnExTqQXYY=
6557,3418,Koiu4iMsXvIdQkOa9c1u8AVNOnU=,CtTLyJFSf7iaj7TCTyopPOQcPhI=
6537,3419,Koiu4iMsXvIdQkOa9c1u8AVNOnU=,cfl12fj50UCVlwDF7X+EE7LzVig=
6537,3418,zlDO58vjOIQvKKBs/Cit8e98RQg=,uJaeMOxhOC5po8Yb9lt4sYQMwto=
6537,3421,zlDO58vjOIQvKKBs/Cit8e98RQg=,jAAP67oD1kMWd5acGOXlt7xFpTk=
6537,3420,zlDO58vjOIQvKKBs/Cit8e98RQg=,c/+hOY00WIIWrr8b6GAcfYoplSc=
6537,3423,zlDO58vjOIQvKKBs/Cit8e98RQg=,CNQHlrg0irTz8NZcSMA/5v7SWJY=
6537,3422,zlDO58vjOIQvKKBs/Cit8e98RQg=,LYYE+YNWzXOLuGKUE45WImEd1CA=
6537,3409,zlDO58vjOIQvKKBs/Cit8e98RQg=,JlRrq/AiFkgpCZSZ3xBnTfEsjrI=
6537,3411,zlDO58vjOIQvKKBs/Cit8e98RQg=,s6P/j4qapGn208hV97N4N5AbOOc=
6537,3410,zlDO58vjOIQvKKBs/Cit8e98RQg=,Cy7HsmfUNoebJiPOLAy6CfiGr1Y=
6537,3413,zlDO58vjOIQvKKBs/Cit8e98RQg=,MsezoS6d22u7iXtlccQHZ/3O+YA=
6537,3412,zlDO58vjOIQvKKBs/Cit8e98RQg=,RqkRQ4F5XS3AhvvBkudQrFTkA9Y=
6537,3415,zlDO58vjOIQvKKBs/Cit8e98RQg=,VAwXtsv4KozwO9idGqaOOUiWVCc=
6537,3414,zlDO58vjOIQvKKBs/Cit8e98RQg=,MsezoS6d22u7iXtlccQHZ/3O+YA=
6550,3414,FWDKuEEuCPeRzpxYtdOLKgJZY1s=,3qqfhBOQMDx0JugWRAx3RcpSIQs=
6550,3415,FWDKuEEuCPeRzpxYtdOLKgJZY1s=,f+trTJJ15p/YrCwb+zEqEZJ6XVc=
6550,3413,FWDKuEEuCPeRzpxYtdOLKgJZY1s=,dLWKQbEkqK+jozcWbjwRqo2qlpI=
6550,3410,FWDKuEEuCPeRzpxYtdOLKgJZY1s=,UrNz1Ec0onqA/25UbPtkdKYKvRU=
6550,3411,FWDKuEEuCPeRzpxYtdOLKgJZY1s=,RAMjN+ziw7pCq9117axp3G0/thM=
6550,3408,FWDKuEEuCPeRzpxYtdOLKgJZY1s=,I4+x4PTxYzPsdAFhHAPszdKX7WU=
6550,3409,FWDKuEEuCPeRzpxYtdOLKgJZY1s=,YrKk/xmTkgKjmTeL2zAISw7rGCk=
6550,3418,FWDKuEEuCPeRzpxYtdOLKgJZY1s=,0TG3Sou/VF2r+5Yz/dmGDhG+vxI=
6550,3419,v/1u+TThOQINKh5VZxbiuSVTmLc=,WjN005p7narUhHc4LjfkikHfNtE=
6550,3416,v/1u+TThOQINKh5VZxbiuSVTmLc=,vi/YHVxjMv5zLEucMHFf34S88IA=
6550,3417,v/1u+TThOQINKh5VZxbiuSVTmLc=,pp2Na2XUZHvsLYc+ARsMyeioF18=
6550,3406,v/1u+TThOQINKh5VZxbiuSVTmLc=,ir1ge7oLy00SHQJH6y7oz2b4eSY=
6550,3407,v/1u+TThOQINKh5VZxbiuSVTmLc=,NeXDBvceg9osZBno89Ett6DXpoQ=
6551,3415,v/1u+TThOQINKh5VZxbiuSVTmLc=,1cHcuioHfpzgeHzOQgxiGfTv4Rw=
6551,3414,v/1u+TThOQINKh5VZxbiuSVTmLc=,wmZV91XOUtHcPHMcmF1IFoP2FJs=
6551,3413,v/1u+TThOQINKh5VZxbiuSVTmLc=,LO0r8dUXe0SsejLD531eHugDxt0=
6551,3411,v/1u+TThOQINKh5VZxbiuSVTmLc=,0zcdVIA12+DevJDhbj56hEcUhJg=
6551,3410,v/1u+TThOQINKh5VZxbiuSVTmLc=,Pjv5L7AQDB8TinTxyDoApdQPdxA=
6551,3409,v/1u+TThOQINKh5VZxbiuSVTmLc=,Pjv5L7AQDB8TinTxyDoApdQPdxA=
6551,3408,v/1u+TThOQINKh5VZxbiuSVTmLc=,OtZ3KlYmzH0RZP2gV6rsvLpV04U=
6551,3419,HFQK5aRzEBLJZFG2klZRR0uC5sI=,ap+DJAvUPiisk4KcrdmOsGdr1+c=
6551,3418,HFQK5aRzEBLJZFG2klZRR0uC5sI=,AlMLx0El6Kpuiq5K7pTgeXyuNnk=
6551,3417,HFQK5aRzEBLJZFG2klZRR0uC5sI=,lHzY8tnG9ULPrlOnPlV6ynGhG8I=
6551,3416,HFQK5aRzEBLJZFG2klZRR0uC5sI=,hHe4mFBpeDEmfhNPRcyJon6MawQ=
6551,3407,HFQK5aRzEBLJZFG2klZRR0uC5sI=,rN0TF5JKdaYHXzECeB01SD5VgbI=
6548,3412,HFQK5aRzEBLJZFG2klZRR0uC5sI=,X5PPkuuKo07iPnBCNiSDv6w0wFY=
6548,3413,HFQK5aRzEBLJZFG2klZRR0uC5sI=,9PgJgN2J/5LE7AoskJD60Od9IZI=
6548,3414,HFQK5aRzEBLJZFG2klZRR0uC5sI=,maKKGrah0+6FBu1XKQuxx72LSgo=
6548,3415,HFQK5aRzEBLJZFG2klZRR0uC5sI=,LKazho1ydTkGZ9dPjtMu/i0MoVI=
6548,3408,HFQK5aRzEBLJZFG2klZRR0uC5sI=,xIClvqx+Byf/423kOxYvCbAB8Y8=
6548,3411,HFQK5aRzEBLJZFG2klZRR0uC5sI=,3/h8TQZ1aFawXn/5KO9Rz6IUcrs=
6548,3420,YpaZgQips0DepZZqjTWXApQCUts=,AAS5pVIhMYpieuKKc2WOeZLHAe4=
6548,3421,YpaZgQips0DepZZqjTWXApQCUts=,G0ICunF0f7GwFpcR0dyNEF2K+xE=
6548,3422,YpaZgQips0DepZZqjTWXApQCUts=,VhQTdMOdgm6QBbj3pHaZpQ3AYrw=
6548,3416,YpaZgQips0DepZZqjTWXApQCUts=,jGkBue/fJdkDJ7q5H8h47u7ziL4=
6548,3417,YpaZgQips0DepZZqjTWXApQCUts=,CFIEEUrN5vQ21oDBBILV2HmmVzI=
6548,3418,YpaZgQips0DepZZqjTWXApQCUts=,PZsJYSLN/XTKOxWh8qw5rSS0Zew=
6548,3419,YpaZgQips0DepZZqjTWXApQCUts=,VwjblCu2sGWT5/PNaMt52g5SBWw=
6548,3404,YpaZgQips0DepZZqjTWXApQCUts=,P5KdwvyUSRfuILP1yXVT3xlxGwU=
6548,3405,YpaZgQips0DepZZqjTWXApQCUts=,6Jbgfsv2OYDtYYQxbAqBFFUn72o=
6548,3406,YpaZgQips0DepZZqjTWXApQCUts=,XxFl6cgbZCXW2l13NgRx2dIsbDo=
6548,3407,YpaZgQips0DepZZqjTWXApQCUts=,FLm04L24kZymvcEOFEj3Sj4/aHw=
6549,3413,YpaZgQips0DepZZqjTWXApQCUts=,EX1GDVX18VS8IaKvtLJcY2Mw4ww=
6549,3412,YpaZgQips0DepZZqjTWXApQCUts=,DvZ3hDgsYlWopM5tbYMKkmS23jQ=
6549,3415,YpaZgQips0DepZZqjTWXApQCUts=,jMr/BYiE20xGgSOhNCM/rT42uf8=
6549,3414,YpaZgQips0DepZZqjTWXApQCUts=,QD5W9qayTbeHK6ACcuXEvueLx0M=
6549,3409,uEmgrbMtF0xw0lCQGta6NT0vCwA=,KlKogwuPVuhhbRZ0/BWTcXCKHxE=
6549,3408,uEmgrbMtF0xw0lCQGta6NT0vCwA=,i83eHs7/sJHfFqPhft4V9PIWBKI=
6549,3411,uEmgrbMtF0xw0lCQGta6NT0vCwA=,gfHXJWLVmpiCBOi4teRtN2Eyruo=
6549,3410,uEmgrbMtF0xw0lCQGta6NT0vCwA=,DmsWoH5LLo3NWEWtv2izANbZ/4o=
6549,3420,uEmgrbMtF0xw0lCQGta6NT0vCwA=,rsE8OXH9h7R4HlhjDO9+OB07YYs=
6549,3417,uEmgrbMtF0xw0lCQGta6NT0vCwA=,F8doPP+aVhulrBTV553m/SO2ok4=
6549,3416,uEmgrbMtF0xw0lCQGta6NT0vCwA=,N7f9sBd2RLKxbFNKzLi52SC8lVQ=
6549,3419,uEmgrbMtF0xw0lCQGta6NT0vCwA=,6lmtFcV+1u/C2r8cZj5bBOyStmA=
6549,3418,uEmgrbMtF0xw0lCQGta6NT0vCwA=,ZFmkGkuCC4gmvpF+dWnZMKRW8S8=
6549,3405,xJHNMcwZjOYsiBuu+3x8TdM8MMc=,6bn9lmrLS/+Lucl2Sg51W9phMJ0=
6549,3404,xJHNMcwZjOYsiBuu+3x8TdM8MMc=,+OszMJCeS7z6uSFybIXAgHHPu2w=
6549,3407,xJHNMcwZjOYsiBuu+3x8TdM8MMc=,P233gERSfbbpOcgrZenFwHLmAs4=
6549,3406,xJHNMcwZjOYsiBuu+3x8TdM8MMc=,2nwO0pW0lcdU7u6zvNWhybHMn4Q=
6554,3418,xJHNMcwZjOYsiBuu+3x8TdM8MMc=,59mGM8V1jYtVAfZt+K0mamzf21A=
6554,3419,xJHNMcwZjOYsiBuu+3x8TdM8MMc=,59mGM8V1jYtVAfZt+K0mamzf21A=
6554,3416,xJHNMcwZjOYsiBuu+3x8TdM8MMc=,/OieWLhQ2UXDVwLEHCd5CBdt1OY=
6554,3417,xJHNMcwZjOYsiBuu+3x8TdM8MMc=,bK19bCi314ojgXaOj12cgFT/9qM=
6554,3415,xJHNMcwZjOYsiBuu+3x8TdM8MMc=,82Kqhn9hArxH06oxaUpHHy4snao=
6555,3419,xJHNMcwZjOYsiBuu+3x8TdM8MMc=,i1Wb//nLf5eWv44UJqKrq0rEn+E=
6555,3418,xJHNMcwZjOYsiBuu+3x8TdM8MMc=,jVrN+JTKpluYUOza+cEbMRngcA8=
6555,3416,TUeXvdHkz4HaZ7021CnZusLdBnw=,YI40epFJf4pEkNXULgPtswyAad8=
6555,3415,TUeXvdHkz4HaZ7021CnZusLdBnw=,OWwCPVasT6awsFZJ4WXBztQUPW4=
6552,3416,TUeXvdHkz4HaZ7021CnZusLdBnw=,c0ojMbQeBYWPBzeVbBsuNX7qJjc=
6552,3417,TUeXvdHkz4HaZ7021CnZusLdBnw=,qVkJFuAeLxxO3du32/9BX/cu1aI=
6552,3418,TUeXvdHkz4HaZ7021CnZusLdBnw=,ZnWHgfcEIHTel/Cw2xg794lMdlM=
6552,3419,TUeXvdHkz4HaZ7021CnZusLdBnw=,59mGM8V1jYtVAfZt+K0mamzf21A=
6552,3415,TUeXvdHkz4HaZ7021CnZusLdBnw=,p0pqqRAXcKRlXbGRVqLJX4bf74g=
6553,3417,TUeXvdHkz4HaZ7021CnZusLdBnw=,6JyUSB4HxLZg81oD7piWu8WOqBM=
6553,3416,TUeXvdHkz4HaZ7021CnZusLdBnw=,2iCdF/kXWLvE7JB6tvPaRqkQCK4=
6553,3419,TUeXvdHkz4HaZ7021CnZusLdBnw=,59mGM8V1jYtVAfZt+K0mamzf21A=
6553,3418,TUeXvdHkz4HaZ7021CnZusLdBnw=,sSfG+xfngieY7lGMD4jiZdVeW+w=
6553,3415,TUeXvdHkz4HaZ7021CnZusLdBnw=,zW9LLE7O8ZoW6ZxgBfoTfrO5yck=
6530,3418,yhTVhKNhy1y9x0VhaH8xfwsjOoE=,Bzx7laJB2KYn9bl+4X0w3/sexfM=
6530,3419,yhTVhKNhy1y9x0VhaH8xfwsjOoE=,W4QX6HZpPwGpc3XNR97Lqv5k+kY=
6531,3419,yhTVhKNhy1y9x0VhaH8xfwsjOoE=,DhOX5ocbM55WpMUgMTnPs4Me2AY=
6531,3418,yhTVhKNhy1y9x0VhaH8xfwsjOoE=,BGIZH9Ypf3D3x4+UGWLWKKlIQGA=
6528,3418,yhTVhKNhy1y9x0VhaH8xfwsjOoE=,s2QRtKmH64F5l2jszwZCN/ov17k=
6528,3419,yhTVhKNhy1y9x0VhaH8xfwsjOoE=,mCVG78n0NrqKvRf+JfJ5EajTQXQ=
6529,3419,yhTVhKNhy1y9x0VhaH8xfwsjOoE=,F2gw9/mWgIF2qcFcQfNhww0cbRI=
6529,3418,yhTVhKNhy1y9x0VhaH8xfwsjOoE=,OgPOl9eNJfY9Q/3Y1dPaCjsARmc=
6541,3421,hWnJ58jZbNfKhiILhIlYGJ6z8h0=,CCbKNfoPL1RCOxzNS4QSoWFuEVU=
6541,3423,hWnJ58jZbNfKhiILhIlYGJ6z8h0=,5H3kboPJ8X6jZUoBuQ3ZYRzOehg=
6541,3422,hWnJ58jZbNfKhiILhIlYGJ6z8h0=,Od7IrWcEl3GbJ5JdLaxMpodSJjA=
6535,3412,tV9JA30vqvRo5qb0OS3sciAKkgA=,dXffTYNna7/gvDfQhBCopAtwT6g=
6535,3411,tV9JA30vqvRo5qb0OS3sciAKkgA=,dXffTYNna7/gvDfQhBCopAtwT6g=
6536,3411,I+Wz47m/aPThgBeBA++YMHIoAsg=,UBbKRPAuvO+N2FpfOEgvOf1mZ7I=
6550,3420,FWDKuEEuCPeRzpxYtdOLKgJZY1s=,ap+DJAvUPiisk4KcrdmOsGdr1+c=
6546,3410,XoWoCqKperIW1LAh4lCXFo4fu5U=,cGItztCIDCWEM5dp8ZraiAXF+hk=
6546,3409,XoWoCqKperIW1LAh4lCXFo4fu5U=,TszchDHmpOPDH7ZQusivXQVmMGI=
6547,3410,yLAFM3eoJ+4W98tjd2q4JM9IGUk=,GL//HnTih+9xKly/qEvDXlehqhY=
6547,3409,yLAFM3eoJ+4W98tjd2q4JM9IGUk=,zoaL0a4O2Qc9cVq82SAGH3fN4u8=
6544,3409,yWt34oibathgpkmVlsh/EuBpoSw=,ZUKRmD2Lrtmk1GFTpUkfl5tQ12g=
6545,3409,VquJoyzAnYQGTdUlCZfqFynW8Qw=,ZZ0YvBdbtAc8HNJSoDgQ+dVRKd8=
6534,3414,Yy/NTAKeBDYaq478GDgn98yBuaE=,dXffTYNna7/gvDfQhBCopAtwT6g=
6534,3415,Yy/NTAKeBDYaq478GDgn98yBuaE=,dXffTYNna7/gvDfQhBCopAtwT6g=
6534,3413,Yy/NTAKeBDYaq478GDgn98yBuaE=,dXffTYNna7/gvDfQhBCopAtwT6g=
6535,3415,Yy/NTAKeBDYaq478GDgn98yBuaE=,dXffTYNna7/gvDfQhBCopAtwT6g=
6558,3416,EJO9eudxJoLdYD2zbw2d2/4Lr5c=,jexLyL09ECqOIjaPV6H7uUpBnQU=
6558,3417,EJO9eudxJoLdYD2zbw2d2/4Lr5c=,8q8viDkoXKfHwbhSP9Fm86sz9jQ=
6559,3417,I0mRPLDHnuF0BOR9jNr+EBqyx3Q=,8q8viDkoXKfHwbhSP9Fm86sz9jQ=
6559,3416,I0mRPLDHnuF0BOR9jNr+EBqyx3Q=,963qEes9WNfVUCjtj+Fq5adxnw4=
6556,3416,I+Wz47m/aPThgBeBA++YMHIoAsg=,8DtkllCZeU5IIqc7kwP4lE0PFhQ=
6556,3417,I+Wz47m/aPThgBeBA++YMHIoAsg=,mo2DQHjs9QIh2VRtvPYaFuXPdAM=
6557,3417,Koiu4iMsXvIdQkOa9c1u8AVNOnU=,CtTLyJFSf7iaj7TCTyopPOQcPhI=
6557,3416,Koiu4iMsXvIdQkOa9c1u8AVNOnU=,fE1bT4YBJAkLNttTZ9xY4wjCG/Y=
6551,3420,v/1u+TThOQINKh5VZxbiuSVTmLc=,xKBQIjHqZ3cqqjBrtQpfIKOE/wc=
6555,3417,xJHNMcwZjOYsiBuu+3x8TdM8MMc=,Eb9nAZUuM6B0d9WlbXjE43/nF8I=
